Algorithm,ARI,NMI
K-Means,0.7732937360806309,0.727864144698467
Hierarchical Clustering,0.796998283593012,0.7498157518928459
